City_ID,City,Lat,Lng,Max Temp,Humidity,Cloudiness,Wind Speed,Country,Current Description
0,Port Alfred,-33.5906,26.891,60.19,85,10,3.0,ZA,clear sky
1,Jamestown,42.097,-79.2353,77.02,73,75,8.05,US,broken clouds
2,Rikitea,-23.1203,-134.9692,72.82,74,3,15.43,PF,clear sky
3,Hilo,19.7297,-155.09,82.26,84,3,1.99,US,clear sky
4,Hithadhoo,-0.6,73.0833,81.57,72,3,3.44,MV,clear sky
5,Tiksi,71.6872,128.8694,33.26,99,100,15.93,RU,snow
6,Pevek,69.7008,170.3133,34.61,77,49,10.58,RU,scattered clouds
7,Bethel,41.3712,-73.414,78.19,62,0,5.01,US,clear sky
8,Ushuaia,-54.8,-68.3,44.44,79,59,11.68,AR,broken clouds
9,Aguimes,27.9054,-15.4461,77.67,69,20,17.27,ES,few clouds
10,Ribeira Grande,38.5167,-28.7,75.6,83,75,6.91,PT,light intensity shower rain
11,Mindelo,16.8901,-24.9804,81.95,61,75,27.63,CV,broken clouds
12,Yerbogachen,61.2767,108.0108,27.86,95,96,1.72,RU,overcast clouds
13,Luderitz,-26.6481,15.1594,63.5,49,96,7.81,NA,overcast clouds
14,Goderich,43.7501,-81.7165,73.9,85,73,11.01,CA,broken clouds
15,Puerto Ayora,-0.7393,-90.3518,70.56,86,95,10.0,EC,overcast clouds
16,Pasighat,28.0667,95.3333,75.56,97,100,2.55,IN,overcast clouds
17,Severo-Kurilsk,50.6789,156.125,47.88,76,46,15.61,RU,scattered clouds
18,Laguna,38.421,-121.4238,68.29,88,100,4.61,US,overcast clouds
19,Ilulissat,69.2167,-51.1,35.62,80,75,3.44,GL,broken clouds
20,Vaitape,-16.5167,-151.75,78.55,74,6,20.62,PF,light rain
21,Dikson,73.5069,80.5464,30.94,76,100,29.68,RU,light snow
22,Porto Novo,6.4965,2.6036,77.29,83,95,6.38,BJ,overcast clouds
23,Albany,42.6001,-73.9662,75.27,67,3,3.29,US,clear sky
24,Lata,40.1629,-8.3327,72.81,68,3,5.19,PT,clear sky
25,Vaini,-21.2,-175.2,75.25,82,100,22.95,TO,light rain
26,Geraldton,-28.7667,114.6,52.21,93,75,4.61,AU,broken clouds
27,Anadyr,64.75,177.4833,42.01,93,100,5.99,RU,overcast clouds
28,Busselton,-33.65,115.3333,46.62,68,52,8.03,AU,broken clouds
29,Bereda,43.2686,-7.5406,67.41,69,0,5.5,ES,clear sky
30,Saldanha,-33.0117,17.9442,57.76,78,36,9.64,ZA,scattered clouds
31,Itarema,-2.9248,-39.9167,83.97,64,11,18.54,BR,few clouds
32,Alofi,-19.0595,-169.9187,76.03,77,96,22.95,NU,light rain
33,Cape Town,-33.9258,18.4232,66.09,50,0,12.66,ZA,clear sky
34,Fairbanks,64.8378,-147.7164,47.23,99,100,0.0,US,mist
35,Nikolskoye,59.7035,30.7861,49.91,97,76,4.54,RU,broken clouds
36,Bredasdorp,-34.5322,20.0403,54.07,87,54,1.25,ZA,broken clouds
37,Jodhpur,26.2867,73.03,85.62,47,12,16.44,IN,few clouds
38,Clyde River,70.4692,-68.5914,27.77,92,100,12.48,CA,light snow
39,Esperance,-33.8667,121.9,57.04,80,36,20.42,AU,scattered clouds
40,San Jose,37.3394,-121.895,73.99,61,75,6.91,US,broken clouds
41,Mackenzie,55.2999,-123.1698,58.51,41,30,3.47,CA,scattered clouds
42,Kapaa,22.0752,-159.319,77.47,89,75,8.84,US,broken clouds
43,Tanah Merah,5.8,102.15,73.96,98,92,3.02,MY,overcast clouds
44,Homer,59.6425,-151.5483,49.87,74,0,4.61,US,clear sky
45,Ajuchitlan,20.7167,-100.0167,69.19,41,54,10.2,MX,broken clouds
46,Avarua,-21.2078,-159.775,73.45,78,75,10.36,CK,broken clouds
47,Helong,42.5397,128.9972,45.48,68,54,3.83,CN,broken clouds
48,Arraial Do Cabo,-22.9661,-42.0278,73.26,78,0,9.22,BR,clear sky
49,Nanortalik,60.1432,-45.2371,42.75,73,22,12.44,GL,few clouds
50,Airai,-8.9266,125.4092,60.35,84,98,2.64,TL,overcast clouds
51,East London,-33.0153,27.9116,62.62,76,3,17.29,ZA,clear sky
52,Asbe Teferi,9.0833,40.8667,65.43,68,82,3.47,ET,light rain
53,Georgetown,5.4112,100.3354,77.9,90,40,4.61,MY,scattered clouds
54,Bluff,-46.6,168.3333,44.46,87,43,6.49,NZ,scattered clouds
55,Vao,-22.6667,167.4833,71.49,78,100,12.68,NC,overcast clouds
56,San Patricio,28.017,-97.5169,92.07,45,3,8.08,US,clear sky
57,Norman Wells,65.282,-126.8329,47.93,86,99,1.14,CA,overcast clouds
58,Atuona,-9.8,-139.0333,76.32,81,52,20.94,PF,light rain
59,Tjome,59.1109,10.3933,52.5,82,0,3.44,NO,clear sky
60,Longyearbyen,78.2186,15.6401,35.44,69,40,25.32,SJ,scattered clouds
61,Tual,-5.6667,132.75,82.26,74,100,5.66,ID,overcast clouds
62,Narsaq,60.9167,-46.05,48.42,48,26,4.47,GL,scattered clouds
63,Te Anau,-45.4167,167.7167,41.13,94,82,1.66,NZ,broken clouds
64,Roald,62.5833,6.1333,61.75,72,99,5.75,NO,overcast clouds
65,Qaanaaq,77.484,-69.3632,30.87,77,99,7.29,GL,overcast clouds
66,Brae,60.3964,-1.353,55.81,96,100,12.08,GB,light rain
67,Kahului,20.8947,-156.47,79.84,84,16,3.0,US,few clouds
68,Alice Springs,-23.7,133.8833,47.75,61,1,0.0,AU,clear sky
69,Punta Arenas,-53.15,-70.9167,51.12,50,78,14.99,CL,broken clouds
70,La Crosse,43.8014,-91.2396,69.37,58,99,5.99,US,overcast clouds
71,Samoded,63.6083,40.5111,38.34,87,60,3.2,RU,broken clouds
72,Minbu,20.1833,94.8833,78.13,87,80,3.87,MM,broken clouds
73,Chokurdakh,70.6333,147.9167,32.85,99,100,9.01,RU,light snow
74,Dalvik,65.9702,-18.5286,49.15,86,74,5.88,IS,broken clouds
75,Show Low,34.2542,-110.0298,66.49,83,75,11.5,US,broken clouds
76,Mar Del Plata,-38.0023,-57.5575,58.95,71,0,11.99,AR,clear sky
77,San Cristobal,7.7669,-72.225,80.78,53,96,1.72,VE,overcast clouds
78,North Bend,43.4065,-124.2243,66.24,97,100,5.75,US,mist
79,Talnakh,69.4865,88.3972,34.21,97,100,17.83,RU,snow
80,Tomatlan,19.9333,-105.25,88.02,62,94,4.97,MX,overcast clouds
81,Souillac,-20.5167,57.5167,70.18,88,75,12.66,MU,broken clouds
82,Tuktoyaktuk,69.4541,-133.0374,41.0,93,100,19.57,CA,light rain
83,Mataura,-46.1927,168.8643,37.92,99,20,1.5,NZ,few clouds
84,Russkiy Kameshkir,52.8589,46.0892,58.19,94,99,5.35,RU,overcast clouds
85,Lima,-12.0432,-77.0282,61.05,72,100,4.61,PE,overcast clouds
86,Olga,43.7444,135.2892,43.7,83,0,3.89,RU,clear sky
87,Huayang,34.4155,109.9939,52.02,78,60,3.33,CN,broken clouds
88,Castro,-24.7911,-50.0119,58.82,99,100,4.47,BR,overcast clouds
89,Mul,20.0667,79.6667,73.69,97,98,6.11,IN,overcast clouds
90,Manta,-0.95,-80.7333,78.58,73,40,10.36,EC,scattered clouds
91,Margate,51.3813,1.3862,62.69,71,56,1.01,GB,broken clouds
92,Hobart,-42.8794,147.3294,54.05,90,83,6.91,AU,mist
93,Hofn,64.2539,-15.2082,50.02,93,20,3.44,IS,few clouds
94,Barrow,71.2906,-156.7887,35.62,100,100,10.36,US,mist
95,Pisco,-13.7,-76.2167,65.01,72,66,9.01,PE,broken clouds
96,Mogadishu,2.0371,45.3438,78.22,84,65,13.91,SO,broken clouds
97,Solton,52.8429,86.4787,48.92,73,33,3.65,RU,scattered clouds
98,Yinchuan,38.4681,106.2731,64.36,24,1,7.58,CN,clear sky
99,Cherskiy,68.75,161.3,36.81,63,88,7.99,RU,overcast clouds
100,Alamos,27.0167,-108.9333,88.72,55,19,3.91,MX,few clouds
101,Palana,59.1167,159.9667,42.49,83,82,39.48,RU,light rain
102,Outlook,51.5001,-107.0513,57.24,39,0,3.87,CA,clear sky
103,Douentza,14.9951,-2.9517,86.38,54,76,9.78,ML,broken clouds
104,Vila Franca Do Campo,37.7167,-25.4333,75.61,81,80,3.33,PT,broken clouds
105,Santa Maria,-29.6842,-53.8069,67.75,66,49,9.78,BR,scattered clouds
106,Quatre Cocos,-20.2078,57.7625,72.09,81,43,15.17,MU,scattered clouds
107,Noumea,-22.2763,166.4572,75.99,99,80,7.92,NC,broken clouds
108,Tuatapere,-46.1333,167.6833,41.23,94,35,3.38,NZ,scattered clouds
109,Flin Flon,54.7682,-101.865,45.07,78,100,7.63,CA,overcast clouds
110,Shache,38.4167,77.2406,71.55,41,95,13.0,CN,overcast clouds
111,Grand Gaube,-20.0064,57.6608,72.37,74,4,10.0,MU,clear sky
112,Rio Gallegos,-51.6226,-69.2181,51.6,53,7,27.72,AR,clear sky
113,San Isidro,-12.1167,-77.05,62.19,72,100,4.61,PE,overcast clouds
114,Thompson,55.7435,-97.8558,46.33,57,99,8.5,CA,overcast clouds
115,Saint-Philippe,-21.3585,55.7679,71.19,77,29,11.95,RE,scattered clouds
116,Bubaque,11.2833,-15.8333,80.19,82,83,10.16,GW,moderate rain
117,Dingle,10.9995,122.6711,75.27,90,93,3.22,PH,overcast clouds
118,Cubulco,15.1333,-90.5833,76.46,72,90,1.05,GT,overcast clouds
119,Mizdah,31.4451,12.9801,81.3,57,23,15.46,LY,few clouds
120,Karratha,-20.7377,116.8463,70.86,42,3,9.51,AU,moderate rain
121,Grootfontein,-19.5667,18.1167,71.65,13,0,0.98,NA,clear sky
122,Faanui,-16.4833,-151.75,78.53,75,6,20.74,PF,light rain
123,Umm Kaddadah,13.6017,26.6876,92.77,19,27,12.93,SD,scattered clouds
124,Wilmington,34.2257,-77.9447,91.31,62,0,5.01,US,clear sky
125,Port Hedland,-20.3167,118.5667,62.65,63,24,8.05,AU,few clouds
126,Half Moon Bay,37.4636,-122.4286,73.54,88,100,3.44,US,mist
127,Cassilandia,-19.1133,-51.7342,94.44,28,52,6.8,BR,broken clouds
128,Lozuvatka,48.0571,33.2858,53.78,71,86,8.21,UA,overcast clouds
129,Yellowknife,62.456,-114.3525,53.56,76,97,18.01,CA,overcast clouds
130,Nalut,30.3333,10.85,92.61,12,7,10.85,LY,clear sky
131,Bengkulu,-3.8004,102.2655,74.68,90,89,3.85,ID,light rain
132,Egvekinot,66.3167,-179.1667,33.62,97,100,15.9,RU,snow
133,Khatanga,71.9667,102.5,21.6,83,39,13.87,RU,scattered clouds
134,Mujiayingzi,42.1167,118.7833,58.41,62,38,12.1,CN,light rain
135,Dalbandin,28.8947,64.4101,84.52,12,0,5.59,PK,clear sky
136,Olafsvik,64.8945,-23.7142,50.2,85,96,1.72,IS,light rain
137,Togur,58.3631,82.8265,59.25,76,100,9.08,RU,overcast clouds
138,Sola,-13.8833,167.55,75.87,100,100,0.0,VU,overcast clouds
139,Ahipara,-35.1667,173.1667,52.77,91,19,6.69,NZ,few clouds
140,New Norfolk,-42.7826,147.0587,52.72,74,85,2.82,AU,overcast clouds
141,Sambava,-14.2667,50.1667,70.25,93,94,11.79,MG,moderate rain
142,Clones,54.1833,-7.2333,59.52,85,100,9.75,IE,overcast clouds
143,Maniitsoq,65.4167,-52.9,37.63,95,100,15.41,GL,light rain
144,Yenagoa,4.9247,6.2642,76.55,90,100,4.61,NG,light rain
145,Cabo San Lucas,22.8909,-109.9124,87.1,76,20,11.5,MX,few clouds
146,Saint Anthony,45.0205,-93.218,67.82,53,0,19.57,US,clear sky
147,Tpig,41.7801,47.589,57.18,73,12,8.03,RU,few clouds
148,Conway,35.0887,-92.4421,98.02,43,0,6.91,US,clear sky
149,Timra,62.487,17.3257,52.68,93,0,2.3,SE,clear sky
150,Mahebourg,-20.4081,57.7,72.25,88,75,12.66,MU,broken clouds
151,Saskylakh,71.9167,114.0833,17.26,95,23,6.06,RU,few clouds
152,Cockburn Town,21.4612,-71.1419,82.62,83,100,25.46,TC,overcast clouds
153,Leningradskiy,69.3833,178.4167,30.81,92,35,14.38,RU,scattered clouds
154,Leh,34.1667,77.5833,53.69,59,8,4.25,IN,clear sky
155,Tiarei,-17.5333,-149.3333,80.62,75,8,17.6,PF,light rain
156,The Valley,18.217,-63.0578,87.82,74,20,14.97,AI,few clouds
157,Kodiak,57.79,-152.4072,48.07,69,70,7.18,US,broken clouds
158,Saint-Francois,46.4154,3.9054,60.24,41,0,5.75,FR,clear sky
159,San Rafael Del Sur,11.8485,-86.4384,83.37,80,85,7.92,NI,overcast clouds
160,Chuy,-33.6971,-53.4616,55.92,64,99,10.04,UY,overcast clouds
161,Deputatskiy,69.3,139.9,25.38,94,100,7.54,RU,overcast clouds
162,Padang,-0.9492,100.3543,75.56,94,100,8.63,ID,moderate rain
163,Asau,46.4333,26.4,49.28,93,97,1.01,RO,overcast clouds
164,Maceio,-9.6658,-35.7353,83.64,65,40,14.97,BR,scattered clouds
165,Xapuri,-10.6517,-68.5044,101.91,27,15,4.7,BR,few clouds
166,Labuhan,-6.8844,112.2051,77.68,85,100,7.43,ID,overcast clouds
167,Jacmel,18.2342,-72.5347,89.44,70,64,9.33,HT,broken clouds
168,Pandan,14.0453,124.1694,79.07,84,100,8.16,PH,overcast clouds
169,Camacha,33.0833,-16.3333,72.82,69,40,10.36,PT,scattered clouds
170,Noyabrsk,63.1994,75.4507,50.18,77,35,17.43,RU,scattered clouds
171,Kavaratti,10.5669,72.642,80.87,75,37,9.64,IN,scattered clouds
172,Butaritari,3.0707,172.7902,79.61,76,88,3.56,KI,light rain
173,Upernavik,72.7868,-56.1549,33.98,69,83,6.15,GL,broken clouds
174,Grevesmuhlen,53.8667,11.1833,55.78,80,49,4.85,DE,scattered clouds
175,Elesbao Veloso,-6.2019,-42.1403,107.2,13,1,1.14,BR,clear sky
176,Fortuna,40.5982,-124.1573,65.98,82,100,3.85,US,overcast clouds
177,Lebu,-37.6167,-73.65,50.72,68,42,7.11,CL,scattered clouds
178,Kremenki,54.885,37.1261,49.33,94,100,5.23,RU,overcast clouds
179,Kavieng,-2.5744,150.7967,81.21,73,99,3.11,PG,overcast clouds
180,Torbay,47.6666,-52.7314,58.75,72,24,5.99,CA,few clouds
181,Cayenne,4.9333,-52.3333,89.64,62,46,16.11,GF,scattered clouds
182,Bilma,18.6853,12.9164,96.42,10,16,6.49,NE,few clouds
183,Asfi,32.2994,-9.2372,73.29,76,3,17.9,MA,clear sky
184,Vestmannaeyjar,63.4427,-20.2734,52.79,87,40,9.22,IS,scattered clouds
185,Sao Joao Da Barra,-21.6403,-41.0511,75.36,73,73,12.59,BR,broken clouds
186,Sharjah,25.3573,55.4033,93.18,51,0,6.91,AE,clear sky
187,Hermanus,-34.4187,19.2345,54.81,80,40,1.43,ZA,scattered clouds
188,Gonaives,19.45,-72.6833,88.88,60,82,13.73,HT,broken clouds
189,Nome,64.5011,-165.4064,44.67,77,100,25.32,US,light rain
190,Sydney,-33.8679,151.2073,62.71,88,75,13.8,AU,shower rain
191,Azanka,58.0401,64.7893,53.2,64,59,5.08,RU,broken clouds
192,Port Lincoln,-34.7333,135.8667,53.51,83,35,5.32,AU,scattered clouds
193,Port Hardy,50.6996,-127.4199,59.58,53,18,4.38,CA,few clouds
194,Haines Junction,60.7522,-137.5108,51.01,90,100,6.6,CA,light rain
195,Lasa,46.6166,10.7002,46.17,81,9,0.6,IT,clear sky
196,Saint George,37.1041,-113.5841,86.95,37,75,8.05,US,broken clouds
197,Biak,-0.9131,122.8766,75.38,84,70,3.49,ID,broken clouds
198,Moctezuma,29.8,-109.6667,83.71,59,64,1.74,MX,broken clouds
199,Port Blair,11.6667,92.75,80.47,84,89,8.39,IN,overcast clouds
200,Skjervoy,70.0311,20.9714,46.4,84,100,6.98,NO,light rain
201,Ipswich,52.0592,1.1555,62.15,73,0,1.14,GB,clear sky
202,Belmonte,-15.8631,-38.8828,78.82,70,53,12.19,BR,broken clouds
203,Veraval,20.9,70.3667,78.84,78,63,8.32,IN,broken clouds
204,Karaton,-6.3424,106.1045,74.1,93,97,1.23,ID,overcast clouds
205,Touros,-5.1989,-35.4608,82.08,66,4,14.14,BR,clear sky
206,Monteagudo,-19.8167,-63.9833,77.36,46,97,8.46,BO,overcast clouds
207,Luang Prabang,19.8856,102.1347,71.56,99,85,1.25,LA,overcast clouds
208,Umm Lajj,25.0213,37.2685,82.85,64,0,7.49,SA,clear sky
209,Marrakesh,31.6315,-8.0083,87.87,37,20,9.22,MA,few clouds
210,Krasnoselkup,65.7,82.4667,49.12,89,100,17.36,RU,light rain
211,Lompoc,34.6391,-120.4579,78.01,64,40,1.99,US,scattered clouds
212,Mago,53.2514,140.1822,41.05,86,58,3.15,RU,broken clouds
213,Dorado,18.4588,-66.2677,94.17,58,75,11.5,PR,broken clouds
214,Damietta,31.4165,31.8133,77.27,62,0,11.72,EG,clear sky
215,Port Elizabeth,-33.918,25.5701,63.1,93,51,1.01,ZA,broken clouds
216,Buritis,-15.6178,-46.4233,93.31,32,78,3.22,BR,broken clouds
217,Ponta Do Sol,32.6667,-17.1,75.83,80,53,4.47,PT,broken clouds
218,Kaitangata,-46.2817,169.8464,40.5,94,23,3.91,NZ,few clouds
219,Buala,-8.145,159.5921,76.17,86,100,3.85,SB,overcast clouds
220,Puerto Escondido,15.85,-97.0667,85.03,51,40,10.36,MX,scattered clouds
221,Lavrentiya,65.5833,-171.0,40.51,95,100,25.75,RU,light rain
222,Shuangcheng,45.35,126.2833,56.41,65,64,17.52,CN,broken clouds
223,Sarangani,5.4033,125.4636,81.93,72,100,2.21,PH,overcast clouds
224,Palmer,42.1584,-72.3287,75.24,67,40,4.61,US,scattered clouds
225,Hendek,40.7994,30.7481,57.65,71,64,2.68,TR,broken clouds
226,Kudahuvadhoo,2.6708,72.8944,82.74,70,8,7.0,MV,clear sky
227,Bonthe,7.5264,-12.505,76.14,89,100,11.45,SL,light rain
228,Segou,13.4317,-6.2157,80.58,74,91,8.37,ML,overcast clouds
229,Kissamos,35.4939,23.6569,75.9,79,3,7.78,GR,clear sky
230,Lagoa,39.05,-27.9833,74.23,81,64,12.71,PT,broken clouds
231,Kampene,-3.6,26.6667,69.51,97,100,4.16,CD,moderate rain
232,Xining,36.6167,101.7667,54.68,62,100,2.62,CN,overcast clouds
233,Zhanaozen,43.3,52.8,77.23,17,0,12.08,KZ,clear sky
234,Gigmoto,13.7796,124.39,78.75,85,96,4.56,PH,overcast clouds
235,Pineville,31.3224,-92.4343,93.13,51,0,3.44,US,clear sky
236,Saint-Augustin,51.226,-58.6502,60.24,53,50,9.6,CA,scattered clouds
237,Meadow Lake,34.8014,-106.5436,82.83,49,18,9.17,US,few clouds
238,Carnarvon,-24.8667,113.6333,64.36,78,0,20.13,AU,clear sky
239,Mattru,7.6244,-11.8332,74.34,95,99,5.53,SL,light rain
240,Provideniya,64.3833,-173.3,41.23,97,100,20.6,RU,moderate rain
241,Kuito,-12.3833,16.9333,68.99,53,60,2.42,AO,light rain
242,Victoria,22.2855,114.1577,83.32,73,94,5.99,HK,overcast clouds
243,Berlevag,70.8578,29.0864,46.4,81,75,28.77,NO,broken clouds
244,Barguzin,53.6167,109.6167,32.04,90,45,4.47,RU,scattered clouds
245,Morros,-9.4467,-46.3003,93.11,24,73,5.28,BR,broken clouds
246,Kidal,18.4411,1.4078,96.49,28,46,13.0,ML,scattered clouds
247,Businga,3.3333,20.8833,71.58,98,100,0.31,CD,light rain
248,Bafq,31.6128,55.4107,83.79,13,0,5.5,IR,clear sky
249,Avera,33.194,-82.5271,93.54,34,0,5.3,US,clear sky
250,Barcelos,41.5388,-8.6151,77.92,71,0,3.33,PT,clear sky
251,Emerald,-23.5333,148.1667,66.34,85,12,4.88,AU,few clouds
252,Polovinnoye,54.7914,65.9864,60.71,21,10,4.07,RU,clear sky
253,Khudumelapye,-23.8833,24.75,63.64,13,0,8.03,BW,clear sky
254,Anderson,34.5334,-82.6499,90.48,43,0,5.75,US,clear sky
255,Kutum,14.2,24.6667,82.11,33,76,8.59,SD,broken clouds
256,Bojnurd,37.4747,57.329,69.75,23,0,0.0,IR,clear sky
257,Polis,35.0367,32.4264,78.62,61,3,11.01,CY,clear sky
258,Elizabeth City,36.2946,-76.2511,89.62,51,0,5.01,US,clear sky
259,Kadhan,24.481,68.9859,82.78,66,0,14.07,PK,clear sky
260,Ler,8.3018,30.1418,73.92,90,66,4.54,SS,light rain
261,Hobyo,5.3505,48.5268,77.34,89,20,19.64,SO,few clouds
262,Kununurra,-15.7667,128.7333,78.78,73,40,3.44,AU,scattered clouds
263,Comodoro Rivadavia,-45.8667,-67.5,48.06,76,75,11.5,AR,broken clouds
264,San Quintin,30.4833,-115.95,75.06,67,16,13.73,MX,few clouds
265,Constitucion,-35.3333,-72.4167,54.36,60,11,11.92,CL,few clouds
266,Lorengau,-2.0226,147.2712,79.05,80,17,2.66,PG,few clouds
267,Naryan-Mar,67.6713,53.087,37.58,76,96,16.78,RU,overcast clouds
268,Gushi,34.6425,109.5843,64.85,75,60,4.9,CN,broken clouds
269,Guerrero Negro,27.9769,-114.0611,78.6,59,64,7.87,MX,broken clouds
270,Jumla,29.2747,82.1838,58.51,91,56,3.09,NP,broken clouds
271,Muroto,33.2833,134.15,71.82,71,99,10.71,JP,overcast clouds
272,Uyemskiy,64.4743,40.8524,33.85,100,20,0.0,RU,few clouds
273,Abeche,13.8292,20.8324,88.41,39,52,5.08,TD,broken clouds
274,Ingham,42.6,-84.3833,83.84,79,51,16.31,US,broken clouds
275,Ambilobe,-13.2,49.05,76.32,59,67,2.24,MG,broken clouds
276,Ampanihy,-24.7,44.75,74.7,49,0,5.66,MG,clear sky
277,Ferme-Neuve,46.7001,-75.4493,61.12,76,100,12.53,CA,overcast clouds
278,Alice,27.7523,-98.0697,92.55,52,100,3.44,US,overcast clouds
279,Taitung,22.7583,121.1444,76.57,83,90,9.08,TW,overcast clouds
280,Cochrane,51.1834,-114.4687,56.61,49,0,14.45,CA,clear sky
281,Tasiilaq,65.6145,-37.6368,37.56,94,73,4.07,GL,broken clouds
282,Opuwo,-18.0607,13.84,74.01,25,0,9.33,NA,clear sky
283,Nuuk,64.1835,-51.7216,41.61,87,75,9.22,GL,broken clouds
284,Ulladulla,-35.35,150.4667,59.9,92,100,3.56,AU,light rain
285,Natal,-5.795,-35.2094,84.85,61,75,16.11,BR,broken clouds
286,Khujner,23.7833,76.6,75.94,83,100,6.93,IN,overcast clouds
287,Hami,42.8,93.45,68.18,15,0,3.18,CN,clear sky
288,The Pas,53.8251,-101.2541,44.53,90,100,8.28,CA,overcast clouds
289,Cidreira,-30.1811,-50.2056,64.08,79,85,10.29,BR,overcast clouds
290,Chavakkad,10.5333,76.05,78.21,85,6,6.24,IN,clear sky
291,Pangody,65.85,74.4859,41.99,82,98,14.9,RU,overcast clouds
292,Fare,-16.7,-151.0167,78.08,75,3,20.76,PF,light rain
293,Atambua,-9.1061,124.8925,73.71,84,92,3.83,ID,moderate rain
294,Sekoma,-24.4,23.8833,61.57,17,0,6.8,BW,clear sky
295,Goedereede,51.8175,3.9806,61.97,66,41,5.86,NL,scattered clouds
296,Tilichiki,60.4667,166.1,40.62,82,95,22.66,RU,overcast clouds
297,Warrnambool,-38.3833,142.4833,54.28,90,100,3.83,AU,overcast clouds
298,Bambous Virieux,-20.3428,57.7575,72.21,88,75,12.66,MU,broken clouds
299,Bowen,-20.0167,148.2333,72.99,84,47,6.51,AU,scattered clouds
300,Denizli,37.8402,29.0698,66.06,39,0,3.65,TR,clear sky
301,Ust-Kuyga,70.0167,135.6,30.78,99,100,3.91,RU,light snow
302,Codrington,-38.2667,141.9667,53.11,94,97,4.41,AU,overcast clouds
303,Rustenburg,-25.6676,27.2421,64.22,51,3,7.27,ZA,clear sky
304,Akhalgori,42.126,44.4833,65.62,77,98,5.21,GE,overcast clouds
305,Sioux Lookout,50.1001,-91.917,42.31,94,100,10.58,CA,overcast clouds
306,Bako,5.7833,36.5667,68.49,63,89,3.71,ET,light rain
307,Kodinar,20.7903,70.7031,77.54,80,71,8.43,IN,broken clouds
308,Tazovskiy,67.4667,78.7,44.98,94,98,17.58,RU,overcast clouds
309,Kulhudhuffushi,6.6221,73.07,81.59,75,7,8.9,MV,clear sky
310,Canto Do Buriti,-8.11,-42.9444,101.12,19,7,6.64,BR,clear sky
311,Qaqortoq,60.7167,-46.0333,44.96,65,28,6.46,GL,scattered clouds
312,Altamira,-3.2033,-52.2064,98.78,25,52,4.76,BR,broken clouds
313,Camana,-16.6228,-72.7111,62.6,77,83,13.33,PE,broken clouds
314,Ancud,-41.8697,-73.8203,48.22,78,74,13.06,CL,broken clouds
315,Burnie,-41.0667,145.9167,50.94,82,96,3.0,AU,overcast clouds
316,Padre Bernardo,-15.35,-48.5,89.42,31,95,2.93,BR,overcast clouds
317,Shelburne,44.0787,-80.2041,77.45,60,77,18.84,CA,broken clouds
318,Faya,18.3851,42.4509,66.72,56,34,1.52,SA,scattered clouds
319,Abu Samrah,35.3029,37.1841,72.18,65,0,16.08,SY,clear sky
320,Pa Sang,18.5262,98.9394,77.2,95,99,0.76,TH,overcast clouds
321,Leshukonskoye,64.8989,45.7622,36.97,93,15,4.21,RU,few clouds
322,Vostok,46.4856,135.8833,37.36,75,0,5.61,RU,clear sky
323,Mantua,45.1667,10.7833,63.64,63,83,1.99,IT,broken clouds
324,Turayf,31.6725,38.6637,75.67,32,0,10.6,SA,clear sky
325,Shingu,33.7333,135.9833,71.22,93,100,17.25,JP,overcast clouds
326,Potosi,-19.5836,-65.7531,63.46,17,40,20.71,BO,scattered clouds
327,Hualmay,-11.0964,-77.6139,66.22,71,63,12.33,PE,broken clouds
328,Dandong,40.1292,124.3947,49.86,70,23,3.89,CN,few clouds
329,Corni,47.65,26.5833,53.31,87,75,11.5,RO,broken clouds
330,Ruteng,-8.6136,120.4721,62.13,95,59,2.77,ID,broken clouds
331,Najran,17.4924,44.1277,82.56,18,8,1.97,SA,clear sky
332,San Jeronimo,-11.9472,-75.2829,65.64,38,55,6.58,PE,broken clouds
333,Auki,-8.7676,160.7034,75.7,91,100,2.82,SB,overcast clouds
334,Kifri,34.6959,44.9661,92.64,17,72,4.41,IQ,broken clouds
335,Rabo De Peixe,37.8,-25.5833,74.71,83,20,11.5,PT,few clouds
336,Kharitonovo,61.4009,47.4978,42.69,95,58,3.85,RU,broken clouds
337,Llaillay,-32.85,-70.9667,65.25,27,12,3.24,CL,few clouds
338,Acapulco,16.8634,-99.8901,85.82,66,75,5.75,MX,broken clouds
339,Namatanai,-3.6667,152.4333,78.21,77,80,3.2,PG,broken clouds
340,Trincomalee,8.5711,81.2335,80.85,73,4,12.62,LK,clear sky
341,Hassleholm,56.1591,13.7664,52.75,67,70,4.16,SE,broken clouds
342,Stonewall,50.1344,-97.3268,55.17,72,100,9.26,CA,overcast clouds
343,Saint-Leu,-21.15,55.2833,70.66,75,11,7.58,RE,few clouds
344,Shu,43.5983,73.7614,72.07,38,72,8.25,KZ,broken clouds
345,Tautira,-17.7333,-149.15,77.25,76,18,15.95,PF,light rain
346,Nampula,-15.1165,39.2666,73.35,64,0,11.5,MZ,clear sky
347,El Alto,-4.2714,-81.2147,71.26,62,100,15.03,PE,overcast clouds
348,Gold Coast,-28.0,153.4333,66.99,94,100,19.57,AU,overcast clouds
349,Isangel,-19.55,169.2667,75.31,94,40,9.22,VU,scattered clouds
350,Assai,-23.3733,-50.8414,66.06,72,97,3.04,BR,overcast clouds
351,Hasaki,35.7333,140.8333,63.28,63,99,20.74,JP,overcast clouds
352,Hede,33.7681,120.2517,59.13,76,6,4.81,CN,clear sky
353,Havelock,34.8791,-76.9013,87.78,66,0,1.01,US,clear sky
354,Witbank,-25.8713,29.2332,57.4,76,52,11.95,ZA,light rain
355,Luangwa,-15.6167,30.4167,82.81,25,0,3.49,ZM,clear sky
356,Fougamou,-1.2154,10.5838,73.9,99,100,1.95,GA,heavy intensity rain
357,Ostrovnoy,68.0531,39.5131,40.75,78,100,11.86,RU,overcast clouds
358,Salalah,17.0151,54.0924,80.69,83,75,8.05,OM,broken clouds
359,Axim,4.8699,-2.2405,76.71,83,43,5.84,GH,scattered clouds
360,Grand-Santi,4.25,-54.3833,89.06,51,72,1.32,GF,broken clouds
361,Lethem,3.3803,-59.7968,89.58,52,64,2.51,GY,broken clouds
362,Nantucket,41.2835,-70.0995,68.11,64,100,8.05,US,overcast clouds
363,Juneau,58.3019,-134.4197,56.1,94,100,13.8,US,overcast clouds
364,Sechura,-5.5569,-80.8222,75.83,54,100,13.33,PE,overcast clouds
365,Oranjemund,-28.55,16.4333,59.61,62,53,4.14,NA,broken clouds
366,Tikhvin,59.6451,33.5294,45.5,96,32,4.5,RU,scattered clouds
367,Kruisfontein,-34.0033,24.7314,60.89,69,68,3.76,ZA,broken clouds
368,Pitimbu,-7.4706,-34.8086,82.99,65,13,10.49,BR,few clouds
369,Northam,51.0333,-4.2167,60.62,81,98,6.33,GB,overcast clouds
370,Lahaina,20.8783,-156.6825,82.4,80,21,6.26,US,few clouds
371,La Paz,-16.5,-68.15,66.18,12,75,11.5,BO,broken clouds
372,Culasi,11.4272,122.056,76.21,82,98,4.41,PH,light rain
373,Floro,61.5996,5.0328,57.16,72,75,14.97,NO,broken clouds
374,Tahe,52.3333,124.7333,37.35,94,2,1.19,CN,clear sky
375,Imbituba,-28.24,-48.6703,66.02,73,59,5.99,BR,broken clouds
376,Namuac,18.6109,121.1657,77.58,77,100,1.54,PH,overcast clouds
377,Qasigiannguit,68.8193,-51.1922,35.85,72,38,3.8,GL,scattered clouds
378,Koslan,63.4564,48.8989,40.12,97,38,5.17,RU,scattered clouds
379,Doha,25.2867,51.5333,93.51,65,0,8.05,QA,clear sky
380,Madimba,-10.4,40.3333,72.54,84,36,7.34,TZ,scattered clouds
381,Port Macquarie,-31.4333,152.9167,64.29,82,75,17.27,AU,light rain
382,Frystak,49.2852,17.6835,44.94,85,37,3.33,CZ,scattered clouds
383,Nanov,44.0,25.3,55.62,61,82,3.15,RO,broken clouds
384,Portland,45.5234,-122.6762,71.53,59,100,5.75,US,overcast clouds
385,Coquimbo,-29.9533,-71.3436,65.93,39,0,13.8,CL,clear sky
386,Aitape,-3.1374,142.3475,75.81,88,82,4.43,PG,broken clouds
387,Suntar,62.1444,117.6319,29.41,84,96,6.06,RU,overcast clouds
388,Naze,28.3667,129.4833,75.87,86,84,15.35,JP,light rain
389,Iqaluit,63.7506,-68.5145,38.93,93,100,0.0,CA,overcast clouds
390,Viedma,-40.8135,-62.9967,47.52,74,52,14.54,AR,moderate rain
391,Flinders,-34.5833,150.8552,62.19,90,100,5.99,AU,light rain
392,Pemangkat,1.1667,108.9667,77.68,82,88,3.38,ID,overcast clouds
393,Mbanza-Ngungu,-5.25,14.8667,79.2,54,100,7.81,CD,overcast clouds
394,Yunhe,34.0833,119.7167,58.3,77,13,6.4,CN,few clouds
395,Sorong,-0.8833,131.25,79.02,82,100,4.09,ID,moderate rain
396,Chatan,26.3094,127.7703,79.38,83,40,5.75,JP,scattered clouds
397,Myitkyina,25.3833,97.4,74.07,94,100,0.72,MM,overcast clouds
398,Koungou,-12.7336,45.2042,71.31,83,0,0.0,YT,clear sky
399,Kumylzhenskaya,49.8809,42.5898,60.98,75,100,4.45,RU,overcast clouds
400,Mandalgovi,45.7625,106.2708,36.66,44,3,24.83,MN,clear sky
401,Sohag,26.557,31.6948,86.04,26,0,9.53,EG,clear sky
402,Marostica,45.7468,11.6579,63.72,53,40,1.43,IT,scattered clouds
403,Muros,42.7762,-9.0603,76.15,64,13,2.33,ES,few clouds
404,Nador,35.174,-2.9287,75.45,83,75,4.61,MA,broken clouds
405,Sulangan,11.1373,123.7228,83.68,73,96,8.52,PH,overcast clouds
406,Shimoda,34.6667,138.95,64.11,73,99,22.44,JP,overcast clouds
407,Hovd,48.0056,91.6419,49.8,47,0,1.23,MN,clear sky
408,Aden,12.7794,45.0367,89.91,65,45,5.28,YE,scattered clouds
409,Ust-Omchug,61.15,149.6333,21.81,86,31,4.45,RU,scattered clouds
410,Mount Gambier,-37.8333,140.7667,51.71,100,100,6.91,AU,overcast clouds
411,Navolato,24.7672,-107.6944,90.64,75,57,4.54,MX,broken clouds
412,Vanimo,-2.6741,141.3028,76.23,89,87,4.23,PG,overcast clouds
413,Krasnopavlivka,49.1372,36.3272,51.28,64,11,6.2,UA,few clouds
414,Kloulklubed,7.0419,134.2556,83.08,71,58,0.81,PW,broken clouds
415,El Dorado,38.7666,-120.5177,59.52,84,100,1.5,US,overcast clouds
416,Sukagawa,37.2833,140.3833,49.86,99,54,2.98,JP,broken clouds
417,Tanout,14.9709,8.8879,92.89,26,100,6.58,NE,overcast clouds
418,Portree,57.4129,-6.1942,58.51,91,100,15.84,GB,overcast clouds
419,Guacara,10.2261,-67.877,89.46,51,100,4.54,VE,overcast clouds
420,Rundu,-17.9333,19.7667,71.76,12,4,7.09,NA,clear sky
421,Komsomolskiy,40.4272,71.7189,74.12,40,53,4.61,UZ,broken clouds
422,Mayna,54.1135,47.6231,55.58,94,100,3.91,RU,overcast clouds
423,Sur,22.5667,59.5289,82.4,72,2,15.28,OM,clear sky
424,Puerto Penasco,31.3167,-113.5333,86.92,78,82,15.99,MX,broken clouds
425,Santa Cruz De La Palma,28.6835,-17.7642,77.14,73,40,8.05,ES,scattered clouds
426,Sitka,57.0531,-135.33,57.09,88,75,0.0,US,broken clouds
427,Molln,53.6333,10.6833,59.29,71,20,3.44,DE,few clouds
428,Cavan,53.9908,-7.3606,60.08,82,100,9.19,IE,overcast clouds
429,Vilyuysk,63.7553,121.6247,25.21,85,72,7.65,RU,broken clouds
430,Batemans Bay,-35.7167,150.1833,61.11,95,100,2.19,AU,overcast clouds
431,Coruripe,-10.1256,-36.1756,78.96,69,18,11.41,BR,few clouds
432,Pangkalanbuun,-2.6833,111.6167,74.89,95,98,1.23,ID,overcast clouds
433,Nabire,-3.3667,135.4833,74.28,91,100,3.29,ID,overcast clouds
434,Warrington,53.3925,-2.5802,63.99,72,40,5.75,GB,scattered clouds
435,Darayya,33.459,36.2374,68.76,57,0,12.71,SY,clear sky
436,Tereze,43.9361,42.4434,56.05,98,100,3.87,RU,light rain
437,Berdigestyakh,62.0989,126.6992,26.83,90,72,7.61,RU,broken clouds
438,Panzhihua,26.5851,101.7128,69.48,93,100,1.63,CN,overcast clouds
439,Wapi Pathum,15.8452,103.3768,79.32,88,88,1.57,TH,light rain
440,Temiscaming,46.7212,-79.0971,63.95,88,99,5.75,CA,overcast clouds
441,Stillwater,36.1156,-97.0584,98.87,37,20,13.8,US,few clouds
442,Ayorou,14.7308,0.9174,92.35,41,63,5.21,NE,broken clouds
443,Khasan,42.4308,130.6434,59.88,81,15,11.63,RU,few clouds
444,Davila,18.4726,120.5763,73.38,73,100,8.93,PH,overcast clouds
445,Solaro,44.8799,9.1732,58.96,87,69,4.27,IT,broken clouds
446,Prainha,-1.8,-53.48,97.79,30,58,4.63,BR,broken clouds
447,Los Llanos De Aridane,28.6585,-17.9182,73.15,86,40,8.05,ES,scattered clouds
448,Puerto Cabezas,14.0351,-83.3888,89.56,66,75,6.91,NI,broken clouds
449,Ranfurly,-45.1333,170.1,39.72,89,29,2.71,NZ,scattered clouds
450,Fukue,32.6881,128.8419,72.41,62,99,4.47,JP,overcast clouds
451,Katsuura,35.1333,140.3,69.08,70,100,21.34,JP,overcast clouds
452,Baracoa,20.3467,-74.4958,84.16,76,84,6.11,CU,broken clouds
453,Fort Nelson,58.8053,-122.7002,53.19,58,40,5.75,CA,scattered clouds
454,Dalianwan,39.0286,121.695,68.04,68,0,11.18,CN,clear sky
455,Sao Filipe,14.8961,-24.4956,78.84,75,23,11.14,CV,few clouds
456,Benghazi,32.1167,20.0667,79.74,72,19,16.33,LY,few clouds
457,Ucluelet,48.9329,-125.5528,71.91,44,3,4.03,CA,clear sky
458,Renfrew,55.872,-4.3925,61.52,75,40,13.8,GB,scattered clouds
459,Kovdor,67.5662,30.4758,40.75,69,100,9.37,RU,overcast clouds
460,Moshenskoye,58.5102,34.5911,46.98,96,100,5.77,RU,overcast clouds
461,Port Keats,-14.25,129.55,80.82,83,69,4.79,AU,broken clouds
462,Honiara,-9.4333,159.95,74.98,86,100,1.83,SB,overcast clouds
463,Tongzi,28.7829,105.0877,67.26,92,100,2.28,CN,overcast clouds
464,Bull Savanna,17.8868,-77.5902,84.47,61,83,6.67,JM,broken clouds
465,Petropavlovsk-Kamchatskiy,53.0452,158.6483,45.19,57,40,13.42,RU,scattered clouds
466,Namwala,-15.7504,26.4384,82.72,25,60,4.09,ZM,broken clouds
467,Kabare,-2.4683,28.8242,64.58,82,99,4.7,CD,light rain
468,Takoradi,4.8845,-1.7554,76.62,85,64,7.7,GH,broken clouds
469,Yeniseysk,58.4497,92.1703,43.23,87,100,7.07,RU,light rain
470,Latung,5.5,120.8833,83.44,65,100,1.74,PH,overcast clouds
471,Maragogi,-9.0122,-35.2225,80.08,64,21,9.62,BR,few clouds
472,Hamilton,39.1834,-84.5333,95.25,52,0,11.5,US,clear sky
473,Rocha,-34.4833,-54.3333,56.86,53,65,10.87,UY,broken clouds
474,Tarrega,41.647,1.1396,76.59,45,0,8.34,ES,clear sky
475,Dunedin,-45.8742,170.5036,43.81,89,23,3.38,NZ,few clouds
476,Jasper,37.2001,-94.3502,97.68,39,20,8.05,US,few clouds
477,Marawi,7.9986,124.2928,68.95,91,100,2.95,PH,overcast clouds
478,Schattdorf,46.8655,8.6547,58.53,89,19,0.34,CH,few clouds
479,Arawa,-6.2132,155.5367,74.03,90,100,1.63,PG,overcast clouds
480,Vitim,59.4511,112.5578,34.41,99,100,3.04,RU,light snow
481,North Shore,-36.8,174.75,53.47,85,28,3.0,NZ,scattered clouds
482,Itamaraca,-7.7478,-34.8256,82.45,61,30,9.6,BR,scattered clouds
483,Didsbury,53.417,-2.2315,63.55,67,76,3.0,GB,broken clouds
484,Mao,39.8885,4.2658,72.16,64,0,5.75,ES,clear sky
485,Gryazi,52.4966,39.9359,51.08,85,17,4.79,RU,few clouds
486,Baherden,38.4362,57.4316,81.93,19,4,3.87,TM,clear sky
487,Lyubymivka,46.8106,33.5686,54.9,59,32,7.52,UA,scattered clouds
488,Port Augusta,-32.5,137.7667,51.6,95,24,7.76,AU,few clouds
489,Bundaberg,-24.85,152.35,69.22,94,63,1.99,AU,broken clouds
490,Qui Nhon,13.7667,109.2333,79.07,84,100,5.53,VN,overcast clouds
491,Klaksvik,62.2266,-6.589,54.52,97,100,22.46,FO,light rain
492,Crateus,-5.1783,-40.6775,99.34,17,1,6.49,BR,clear sky
493,Visnes,59.3556,5.2242,57.25,82,75,9.22,NO,broken clouds
494,Terra Santa,-2.1042,-56.4869,103.12,21,82,5.1,BR,broken clouds
495,Coihaique,-45.5752,-72.0662,53.55,47,20,8.05,CL,few clouds
496,Plettenberg Bay,-34.0527,23.3716,60.15,71,88,4.29,ZA,overcast clouds
497,Venado Tuerto,-33.7456,-61.9688,61.77,31,100,9.57,AR,overcast clouds
498,Alpena,45.0617,-83.4327,79.12,71,40,14.0,US,scattered clouds
499,Maine-Soroa,13.2114,12.0241,91.11,34,97,5.06,NE,overcast clouds
500,Catuday,16.2923,119.8062,78.76,76,100,1.57,PH,light rain
501,Taoudenni,22.6783,-3.9836,103.3,21,32,9.35,ML,light rain
502,Nicoya,10.1483,-85.452,81.61,76,70,5.3,CR,broken clouds
503,Balakliya,49.4627,36.8595,51.6,65,7,4.0,UA,clear sky
504,Jacareacanga,-6.2222,-57.7528,104.99,16,79,4.07,BR,broken clouds
505,Sydney Mines,46.2367,-60.2177,63.25,96,75,14.97,CA,mist
506,Bitung,1.4451,125.1824,74.25,80,97,2.26,ID,overcast clouds
507,Maningrida,-12.0667,134.2667,73.47,85,93,6.49,AU,overcast clouds
508,Ust-Tsilma,65.441,52.1498,37.17,85,31,7.49,RU,scattered clouds
509,Marzuq,14.4,46.4667,81.75,55,45,6.22,YE,scattered clouds
510,Trairi,-3.2778,-39.2689,83.44,66,10,15.95,BR,clear sky
511,Termiz,37.2242,67.2783,71.69,46,0,2.3,UZ,clear sky
512,Maurepas,48.7649,1.9292,61.88,56,0,8.05,FR,clear sky
513,Lillooet,50.6856,-121.942,66.24,33,0,1.63,CA,clear sky
514,Kars,40.602,43.095,70.25,28,75,17.27,TR,broken clouds
515,Aklavik,68.2191,-135.0107,42.01,81,88,3.89,CA,overcast clouds
516,Makakilo City,21.3469,-158.0858,79.12,66,20,12.66,US,few clouds
517,Embu,-23.6489,-46.8522,72.95,82,97,4.29,BR,overcast clouds
518,Mayumba,-3.432,10.6554,75.69,84,78,8.28,GA,broken clouds
519,Mount Isa,-20.7333,139.5,65.97,37,17,8.05,AU,few clouds
520,Kangasala,61.4638,24.076,40.32,97,8,0.47,FI,clear sky
521,Elban,50.1018,136.5094,44.17,86,93,7.96,RU,overcast clouds
522,Atar,20.5169,-13.0499,101.86,21,28,17.56,MR,scattered clouds
523,Antofagasta,-23.65,-70.4,61.84,67,3,8.32,CL,clear sky
524,Ena,35.4498,137.4128,65.26,86,100,3.31,JP,overcast clouds
525,Male,4.1748,73.5089,82.35,83,40,12.66,MV,scattered clouds
526,Ossora,59.2353,163.0719,44.56,71,77,27.85,RU,broken clouds
527,College,64.8569,-147.8028,47.21,89,75,6.91,US,broken clouds
528,Novikovo,51.1537,37.8879,52.11,71,18,4.63,RU,few clouds
529,Iquique,-20.2208,-70.1431,60.84,65,8,8.97,CL,clear sky
530,Yaan,7.3833,8.5667,76.8,87,95,1.1,NG,light rain
531,Changji,44.0167,87.3167,66.99,22,0,4.47,CN,clear sky
532,Toktogul,41.8708,72.9402,68.63,41,2,1.92,KG,clear sky
533,Edd,13.9297,41.6925,89.37,67,21,7.54,ER,few clouds
534,Richards Bay,-28.783,32.0377,60.35,84,92,5.19,ZA,overcast clouds
535,Calamar,10.2511,-74.9146,89.08,57,88,4.65,CO,overcast clouds
536,Shenzhen,22.5455,114.0683,85.98,82,98,7.45,CN,overcast clouds
537,Licheng,23.2955,113.8284,75.24,90,91,1.74,CN,overcast clouds
538,Kumluca,36.3703,30.2869,77.5,58,6,6.17,TR,clear sky
539,Nouakchott,18.0858,-15.9785,87.73,61,98,20.04,MR,overcast clouds
540,Zeerust,-25.5369,26.0751,59.13,16,0,4.59,ZA,clear sky
541,Zambezi,-13.5432,23.1047,75.76,41,67,4.34,ZM,broken clouds
542,Galveston,29.3669,-94.9669,94.08,62,75,9.22,US,broken clouds
543,Morden,49.1919,-98.1014,54.09,87,100,9.22,CA,overcast clouds
544,Varnamo,57.186,14.04,47.26,84,87,1.99,SE,overcast clouds
545,Acarau,-2.8856,-40.12,84.54,63,17,20.2,BR,few clouds
546,Puliyur,10.6333,78.8333,84.0,65,40,3.44,IN,haze
547,Muana,-1.5283,-49.2167,93.79,42,18,6.71,BR,few clouds
548,Pala,9.3642,14.9046,74.7,89,59,0.67,TD,moderate rain
549,Svetlaya,46.5389,138.3297,49.17,57,0,5.93,RU,clear sky
550,Merauke,-8.4667,140.3333,77.65,90,100,13.22,ID,overcast clouds
551,Masty,53.4122,24.5387,47.3,90,88,7.99,BY,overcast clouds
552,La Asuncion,11.0333,-63.8628,78.53,100,72,5.75,VE,broken clouds
553,Fergus Falls,46.283,-96.0776,60.06,67,100,20.71,US,overcast clouds
554,Omsukchan,62.5333,155.8,28.45,96,100,3.49,RU,overcast clouds
555,Mazatlan,23.2167,-106.4167,88.92,74,20,8.05,MX,few clouds
556,Barra Dos Coqueiros,-10.9089,-37.0386,82.42,65,0,16.11,BR,clear sky
557,Bail Hongal,15.8167,74.8667,67.14,92,100,7.83,IN,overcast clouds
558,Ararangua,-28.9347,-49.4858,66.2,70,48,7.18,BR,light rain
559,Madang,-5.2246,145.7966,74.08,88,97,4.23,PG,overcast clouds
560,Ritchie,-29.038,24.6028,54.61,25,21,5.46,ZA,few clouds
561,Snyder,32.7179,-100.9176,91.31,42,0,9.22,US,clear sky
562,Charlestown,-32.95,151.6667,61.86,95,99,5.99,AU,moderate rain
563,Jiuquan,39.7432,98.5174,57.45,17,28,3.85,CN,scattered clouds
564,Vezirkopru,41.1436,35.4547,61.29,87,100,2.8,TR,overcast clouds
565,Velingara,13.15,-14.1167,74.35,96,100,4.14,SN,light rain
566,Caravelas,-17.7125,-39.2481,79.9,70,51,13.02,BR,broken clouds
567,Witu,-2.3889,40.4382,77.16,84,13,13.09,KE,few clouds
568,De-Kastri,51.4667,140.7833,52.48,61,83,6.87,RU,moderate rain
569,Salta,-24.7859,-65.4117,69.58,51,75,11.5,AR,broken clouds
570,Belyy Yar,53.6039,91.3903,43.86,91,40,2.24,RU,scattered clouds
571,Ixtapa,20.7,-105.2,85.23,74,75,4.0,MX,broken clouds
572,Sars,56.5502,57.1366,57.27,74,98,3.78,RU,overcast clouds
573,Howard Springs,-12.497,131.047,78.71,93,84,4.05,AU,broken clouds
574,Bathsheba,13.2167,-59.5167,83.01,78,75,27.63,BB,broken clouds
575,Dryden,49.7833,-92.7503,50.29,71,75,6.91,CA,broken clouds
576,Misasi,-3.0,33.0833,78.58,49,96,7.05,TZ,overcast clouds
577,Walvis Bay,-22.9575,14.5053,63.55,67,0,5.75,NA,clear sky
578,Girvan,55.2426,-4.8555,60.8,88,91,15.64,GB,overcast clouds
579,Wladyslawowo,54.7909,18.4009,51.35,70,87,13.02,PL,overcast clouds
580,Tabou,4.423,-7.3528,77.77,82,26,8.66,CI,scattered clouds
581,Lenger,42.183,69.8839,65.64,23,0,5.73,KZ,clear sky
582,Austin,30.2672,-97.7431,96.1,43,0,6.91,US,clear sky
583,Olkhovka,53.2115,60.6069,60.48,24,9,6.2,RU,clear sky
584,Road Town,18.4167,-64.6167,87.89,79,88,11.5,VG,overcast clouds
585,Lumeje,-11.55,20.7833,78.3,44,54,2.33,AO,broken clouds
586,Belaya Gora,68.5333,146.4167,32.43,99,100,9.15,RU,light snow
587,Kaduna,10.5222,7.4383,73.94,85,83,4.52,NG,light rain
588,Bure,10.7,37.0667,55.36,93,86,4.85,ET,overcast clouds
589,Nong Ki,14.6868,102.538,73.94,90,82,4.29,TH,broken clouds
590,Soubre,5.7856,-6.6083,75.43,93,59,2.95,CI,light rain
591,Kondratovo,57.9804,56.1066,55.69,76,0,2.24,RU,clear sky
592,Mwense,-10.3845,28.698,82.58,27,56,3.13,ZM,broken clouds
593,Buston,40.2342,69.6948,71.78,35,3,6.71,TJ,clear sky
594,Ternate,0.8,127.4,80.11,79,100,3.87,ID,overcast clouds
595,Abashiri,44.0213,144.2697,44.94,87,0,7.65,JP,clear sky
596,Birao,10.2849,22.7882,77.04,82,61,3.11,CF,broken clouds
597,Jining,35.405,116.5814,60.15,62,19,8.81,CN,few clouds
598,Puerto Del Rosario,28.5004,-13.8627,76.75,78,20,12.66,ES,few clouds
599,Mayo,38.8876,-76.5119,86.67,59,0,12.66,US,clear sky
600,Bairiki,1.3292,172.9752,78.8,89,40,4.61,KI,light rain
601,Launceston,-41.45,147.1667,47.84,93,18,0.0,AU,few clouds
602,Jeremoabo,-10.075,-38.4808,91.65,27,71,8.99,BR,broken clouds
603,Tokuyama,34.05,131.8167,69.42,75,100,7.78,JP,overcast clouds
604,Xinzhi,36.4989,111.7047,64.81,70,33,4.56,CN,scattered clouds
605,Broome,42.2506,-75.833,80.71,57,0,10.36,US,clear sky
606,Sakakah,29.9697,40.2064,85.57,29,0,15.05,SA,clear sky
607,Yatou,37.15,122.3833,59.36,69,0,7.94,CN,clear sky
608,Porbandar,21.6422,69.6093,79.68,76,49,7.87,IN,scattered clouds
609,Gat,31.61,34.7642,77.68,100,0,7.7,IL,clear sky
610,Newport,51.5877,-2.9984,65.44,66,85,6.87,GB,overcast clouds
611,Bouar,5.934,15.596,66.79,95,83,3.56,CF,light rain
612,Apatou,5.155,-54.3472,93.96,42,32,3.8,GF,scattered clouds
613,Lerwick,60.1545,-1.1494,57.2,95,100,13.85,GB,light rain
614,Christchurch,-43.5333,172.6333,42.48,93,77,3.44,NZ,broken clouds
615,Sorland,67.667,12.6934,53.46,97,100,23.51,NO,overcast clouds
616,Monduli,-3.3,36.45,68.86,47,72,10.13,TZ,broken clouds
617,Scarborough,54.2797,-0.4044,62.17,69,31,3.0,GB,scattered clouds
618,Dakar,14.6937,-17.4441,86.88,75,56,13.47,SN,broken clouds
619,Hong Gai,20.956,107.0946,76.91,88,85,6.85,VN,light rain
620,Tezu,27.9167,96.1667,75.09,95,100,2.84,IN,overcast clouds
621,Adeje,28.1227,-16.726,77.56,78,20,17.27,ES,few clouds
622,Nioro,13.35,-15.75,77.97,91,100,8.7,GM,overcast clouds
623,Nelson Bay,-32.7167,152.15,63.0,92,100,24.0,AU,light rain
624,Chara,56.9064,118.2631,35.76,89,83,1.59,RU,broken clouds
625,Port Arthur,38.8,121.2667,68.22,68,7,17.9,CN,clear sky
626,Miraflores,19.2167,-98.8083,68.76,47,75,3.49,MX,broken clouds
627,Hvolsvollur,63.7533,-20.2243,52.47,92,100,2.62,IS,overcast clouds
628,Toppenish,46.3774,-120.3087,72.72,20,90,4.99,US,overcast clouds
629,Aswan,24.0934,32.907,88.41,22,0,12.5,EG,clear sky
630,Verkhoyansk,67.5447,133.385,32.23,88,100,13.91,RU,light snow
631,Baie-Comeau,49.2168,-68.1489,55.08,76,75,9.22,CA,broken clouds
632,Mukono,0.3533,32.7553,74.95,86,90,2.19,UG,overcast clouds
633,Srednekolymsk,67.45,153.6833,35.42,98,100,8.28,RU,overcast clouds
634,Preobrazheniye,42.9019,133.9064,53.28,71,0,4.52,RU,clear sky
635,Bilibino,68.0546,166.4372,34.03,86,100,12.12,RU,overcast clouds
636,Ljungby,56.8332,13.9408,48.61,63,73,3.24,SE,broken clouds
637,Nara,34.6851,135.8049,68.5,52,97,4.76,JP,overcast clouds
638,Matadi,-5.8167,13.45,83.12,58,86,6.55,CD,overcast clouds
639,Zlin,49.2267,17.6663,49.68,85,33,2.95,CZ,scattered clouds
640,Abomsa,9.9833,39.9833,74.19,45,36,5.14,ET,scattered clouds
641,Mehamn,71.0357,27.8492,46.35,93,75,20.71,NO,broken clouds
642,Ipixuna,-1.7625,-48.8043,93.06,43,8,7.54,BR,clear sky
643,Turochak,52.2576,87.1224,48.27,78,11,2.17,RU,few clouds
644,Tahta,26.7693,31.5021,84.9,30,0,12.24,EG,clear sky
645,Kargasok,59.0556,80.8572,56.5,76,77,10.51,RU,broken clouds
646,Dolgorukovo,52.3195,38.3453,53.65,87,91,7.36,RU,overcast clouds
647,Hokitika,-42.7167,170.9667,46.4,76,1,4.61,NZ,clear sky
648,Rondonopolis,-16.4708,-54.6356,100.11,25,54,2.75,BR,broken clouds
649,Saint-Pierre,-21.3393,55.4781,71.28,73,20,17.27,RE,few clouds
650,Iquitos,-3.7481,-73.2472,93.24,66,75,6.91,PE,broken clouds
651,Yeppoon,-23.1333,150.7333,65.98,90,78,9.35,AU,broken clouds
652,Temir,49.1414,57.13,67.42,14,0,7.76,KZ,clear sky
653,Malvern,34.3623,-92.813,97.2,41,0,4.21,US,clear sky
654,Anloga,5.7947,0.8973,78.13,83,76,10.18,GH,broken clouds
655,Cap Malheureux,-19.9842,57.6142,72.46,73,2,11.99,MU,clear sky
656,Zhigansk,66.7697,123.3711,30.06,95,100,17.6,RU,light snow
657,Manzhouli,49.6,117.4333,41.38,71,22,13.98,CN,few clouds
658,Yanam,16.7333,82.2167,77.77,91,100,3.87,IN,overcast clouds
659,Gamboma,-1.8764,15.8644,74.37,88,63,4.9,CG,moderate rain
660,Oussouye,12.485,-16.5469,86.09,90,98,3.15,SN,heavy intensity rain
661,Surt,31.2089,16.5887,80.31,80,19,13.98,LY,few clouds
662,Hulan,45.9833,126.6,57.31,69,34,17.2,CN,scattered clouds
663,Namibe,-15.1961,12.1522,66.09,84,26,11.03,AO,scattered clouds
664,Halifax,44.6453,-63.5724,71.49,90,75,9.22,CA,broken clouds
665,Chicama,-7.8447,-79.1469,59.54,60,96,11.23,PE,overcast clouds
666,Malinovskiy,61.1953,62.8397,51.49,74,32,11.95,RU,scattered clouds
667,Itarare,-24.1125,-49.3317,64.29,95,100,5.55,BR,moderate rain
668,Nouadhibou,20.931,-17.0347,76.98,69,73,20.71,MR,sand
669,Karasjok,69.4719,25.5112,39.38,82,100,9.28,NO,overcast clouds
670,Rovinj,45.08,13.64,59.29,53,4,13.38,HR,clear sky
671,Mumbwa,-14.9783,27.0619,81.99,21,91,2.82,ZM,overcast clouds
672,Bathurst,-33.4166,149.5806,52.97,88,100,4.0,AU,overcast clouds
673,Gamba,-2.65,10.0,75.61,84,75,7.99,GA,broken clouds
674,Devon,50.75,-3.75,60.42,82,88,4.83,GB,overcast clouds
675,Thiers,45.8333,3.5,59.32,50,2,5.08,FR,clear sky
676,Rio Branco,-9.9747,-67.81,97.41,44,40,10.36,BR,scattered clouds
677,Coahuayana,18.7333,-103.6833,81.88,76,100,3.13,MX,overcast clouds
678,Nanning,22.8167,108.3167,77.45,88,66,3.13,CN,broken clouds
679,San Carlos De Bariloche,-41.1456,-71.3082,46.15,46,40,28.77,AR,scattered clouds
680,Talaya,61.3833,152.75,26.58,95,93,2.48,RU,overcast clouds
681,Taybad,34.74,60.7756,75.18,18,0,9.08,IR,clear sky
682,Kilindoni,-7.9139,39.6668,75.76,76,73,15.66,TZ,broken clouds
683,Tessalit,20.1986,1.0114,98.56,16,16,2.64,ML,few clouds
684,Abha,18.2164,42.5053,67.82,49,20,6.91,SA,few clouds
685,Upata,8.0086,-62.3989,79.2,76,100,3.89,VE,overcast clouds
686,Enshi,30.3,109.4833,61.48,98,100,0.38,CN,overcast clouds
687,Kerman,30.2832,57.0788,71.46,16,0,4.61,IR,clear sky
688,Markivka,49.5229,39.5705,56.97,49,68,7.63,UA,broken clouds
689,Kaeo,-35.1,173.7833,46.33,95,15,4.29,NZ,few clouds
690,Zapolyarnyy,69.4154,30.8136,42.08,73,100,18.28,RU,overcast clouds
691,Ocumare Del Tuy,10.1165,-66.7761,85.1,67,100,4.07,VE,overcast clouds
692,Zhigalovo,54.8097,105.1578,31.98,95,88,3.38,RU,overcast clouds
693,Taltal,-25.4,-70.4833,61.54,60,7,5.88,CL,clear sky
694,Athabasca,54.7169,-113.2854,61.21,33,69,12.71,CA,broken clouds
